{
  "domain_processing": {
    "source_files": [
      {
        "alias": "FakeIP 域名",
        "path": "gen/fakeiprule.txt"
      },
      {
        "alias": "RealIP 域名",
        "path": "gen/realiprule.txt"
      },
      {
        "alias": "无V4域名",
        "path": "gen/nov4rule.txt"
      },
      {
        "alias": "无V6域名",
        "path": "gen/nov6rule.txt"
      }
    ],
    "output_file": "gen/requery_backup.txt"
  },
  "url_actions": {
    "save_rules": [
      "http://127.0.0.1:9099/plugins/my_fakeiplist/save",
      "http://127.0.0.1:9099/plugins/my_realiplist/save",
      "http://127.0.0.1:9099/plugins/my_nov4list/save",
      "http://127.0.0.1:9099/plugins/my_nov6list/save"
    ],
    "flush_rules": [
      "http://127.0.0.1:9099/plugins/my_fakeiplist/flush",
      "http://127.0.0.1:9099/plugins/my_realiplist/flush",
      "http://127.0.0.1:9099/plugins/my_nov4list/flush",
      "http://127.0.0.1:9099/plugins/my_nov6list/flush"
    ]
  },
  "scheduler": {
    "enabled": true,
    "start_datetime": "2025-10-14T20:30:00.000Z",
    "interval_minutes": 1440
  },
  "execution_settings": {
    "queries_per_second": 10,
    "resolver_address": "127.0.0.1:66",
    "url_call_delay_ms": 50
  },
  "status": {
    "task_state": "idle",
    "last_run_start_time": "2025-12-10T20:30:00.000497869Z",
    "last_run_end_time": "2025-12-10T20:41:50.689227197Z",
    "last_run_domain_count": 7098,
    "progress": {
      "processed": 7098,
      "total": 7098
    }
  }
}